codepoint,entity,name,versions
E262,OEligogon,LATIN CAPITAL LIGATURE OE WITH OGONEK,MUFI: 4.0
E268,Pdblac,LATIN CAPITAL LETTER P WITH DOUBLE ACUTE,MUFI: 4.0
E34E,Vvertline,LATIN CAPITAL LETTER V WITH VERTICAL LINE ABOVE,MUFI: 4.0
E662,oeligogon,LATIN SMALL LIGATURE OE WITH OGONEK,MUFI: 4.0
E668,pdblac,LATIN SMALL LETTER P WITH DOUBLE ACUTE,MUFI: 4.0
E74F,vvertline,LATIN SMALL LETTER V WITH VERTICAL LINE ABOVE,MUFI: 4.0
E8A1,idblstrok,LATIN SMALL LETTER I WITH TWO STROKES,MUFI: 4.0
E8A2,jdblstrok,LATIN SMALL LETTER J WITH TWO STROKES,MUFI: 4.0
E8A3,autem,LATIN ABBREVIATION SIGN AUTEM,MUFI: 4.0
E8BB,vslashura,LATIN SMALL LETTER V WITH SHORT SLASH ABOVE RIGHT,MUFI: 4.0 auto
E8BC,vslashuradbl,LATIN SMALL LETTER V WITH TWO SHORT SLASHES ABOVE RIGHT,MUFI: 4.0 auto
E8C1,thornrarmlig,LATIN SMALL LETTER THORN LIGATED WITH ARM OF LATIN SMALL LETTER R,MUFI: 3.0
E8C2,Hrarmlig,LATIN CAPITAL LETTER H LIGATED WITH ARM OF LATIN SMALL LETTER R,MUFI: 3.0
E8C3,hrarmlig,LATIN SMALL LETTER H LIGATED WITH ARM OF LATIN SMALL LETTER R,MUFI: 3.0
E8C5,krarmlig,LATIN SMALL LETTER K LIGATED WITH ARM OF LATIN SMALL LETTER R,MUFI: 3.0
E8C6,UUlig,LATIN CAPITAL LIGATURE UU,MUFI: 4.0 auto
E8C7,uulig,LATIN SMALL LIGATURE UU,MUFI: 4.0 auto
E8C8,UElig,LATIN CAPITAL LIGATURE UE,MUFI: 4.0 auto
E8C9,uelig,LATIN SMALL LIGATURE UE,MUFI: 4.0 auto
E8CE,xslashlradbl,LATIN SMALL LETTER X WITH TWO SHORT SLASHES BELOW RIGHT,MUFI: 4.0 auto
E8D1,aeligring,LATIN SMALL LETTER AE WITH RING ABOVE,MUFI: 3.0
E8D3,aeligogonacute,LATIN SMALL LETTER AE WITH OGONEK AND ACUTE,MUFI: 3.0
E8D5,adiaguml,LATIN SMALL LETTER A WITH DIAGONAL DIAERESIS,MUFI: 3.0
E8D7,odiaguml,LATIN SMALL LETTER O WITH DIAGONAL DIAERESIS,MUFI: 3.0
E8DD,inodotogon,LATIN SMALL LETTER DOTLESS I WITH OGONEK,MUFI: 4.0 auto
E8DE,orrotlig,LATIN SMALL LIGATURE O R ROTUNDA,MUFI: 4.0 auto
E8DF,slonglbarlig,LATIN SMALL LIGATURE LONG S L WITH STROKE,MUFI: 4.0 auto
E8E0,iesup,LATIN SMALL LETTER A WITH LATIN SMALL LETTER I ABOVE,MUFI: 3.0
E8E1,ausup,LATIN SMALL LETTER A WITH LATIN SMALL LETTER U ABOVE,MUFI: 3.0
E8E2,eesup,LATIN SMALL LETTER E WITH LATIN SMALL LETTER E ABOVE,MUFI: 3.0
E8E3,eosup,LATIN SMALL LETTER E WITH LATIN SMALL LETTER O ABOVE,MUFI: 3.0
E8E4,iasup,LATIN SMALL LETTER I WITH LATIN SMALL LETTER A ABOVE,MUFI: 3.0
E8E5,iosup,LATIN SMALL LETTER I WITH LATIN SMALL LETTER O ABOVE,MUFI: 3.0
E8E6,iusup,LATIN SMALL LETTER I WITH LATIN SMALL LETTER U ABOVE,MUFI: 3.0
E8E7,jesup,LATIN SMALL LETTER J WITH LATIN SMALL LETTER E ABOVE,MUFI: 3.0
E8E8,mesup,LATIN SMALL LETTER M WITH LATIN SMALL LETTER E ABOVE,MUFI: 3.0
E8E9,oosup,LATIN SMALL LETTER O WITH LATIN SMALL LETTER O ABOVE,MUFI: 3.0
E8EA,resup,LATIN SMALL LETTER R WITH LATIN SMALL LETTER E ABOVE,MUFI: 3.0
E8EB,uasup,LATIN SMALL LETTER U WITH LATIN SMALL LETTER A ABOVE,MUFI: 3.0
E8EC,uvsup,LATIN SMALL LETTER U WITH LATIN SMALL LETTER V ABOVE,MUFI: 3.0
E8ED,uwsup,LATIN SMALL LETTER U WITH LATIN SMALL LETTER W ABOVE,MUFI: 3.0
E8F0,wasup,LATIN SMALL LETTER W WITH LATIN SMALL LETTER A ABOVE,MUFI: 3.0
E8F1,wisup,LATIN SMALL LETTER W WITH LATIN SMALL LETTER I ABOVE,MUFI: 3.0
E8F2,wusup,LATIN SMALL LETTER W WITH LATIN SMALL LETTER U ABOVE,MUFI: 3.0
E8F3,wvsup,LATIN SMALL LETTER W WITH LATIN SMALL LETTER V ABOVE,MUFI: 3.0
EAD0,grlig,LATIN SMALL LIGATURE GR,MUFI: 3.0
EAD1,qvinslig,LATIN SMALL LIGATURE Q INSULAR V,MUFI: 3.0
EAD2,gplig,LATIN SMALL LIGATURE GP,MUFI: 3.0
EADA,slongdestlig,LATIN SMALL LIGATURE LONG S DESCENDING T,MUFI: 3.0
EAF0,aenlacute,LATIN ENLARGED LETTER SMALL A WITH ACUTE,MUFI: 3.0
EAF1,aeligenl,LATIN ENLARGED LETTER SMALL LIGATURE AE,MUFI: 3.0
EAF2,aenlosmalllig,LATIN LIGATURE ENLARGED LETTER SMALL A AND LATIN SMALL LETTER O,MUFI: 3.0
EAF3,eogonenl,LATIN ENLARGED LETTER SMALL E WITH OGONEK,MUFI: 3.0
EBA0,slongaumllig,LATIN SMALL LIGATURE LONG S A WITH DIAERESIS,MUFI: 3.0
EBA1,slonghlig,LATIN SMALL LIGATURE LONG S H,MUFI: 3.0
EBA2,slongilig,LATIN SMALL LIGATURE LONG S I,MUFI: 3.0
EBA3,slongllig,LATIN SMALL LIGATURE LONG S L,MUFI: 3.0
EBA4,slongoumllig,LATIN SMALL LIGATURE LONG S O WITH DIAERESIS,MUFI: 3.0
EBA5,slongplig,LATIN SMALL LIGATURE LONG S P,MUFI: 3.0
EBA6,slongslonglig,LATIN SMALL LIGATURE LONG S LONG S,MUFI: 3.0
EBA7,slongslongilig,LATIN SMALL LIGATURE LONG S LONG S I,MUFI: 3.0
EBA8,slongslongllig,LATIN SMALL LIGATURE LONG S LONG S L,MUFI: 3.0
EBA9,slongtilig,LATIN SMALL LIGATURE LONG S TI,MUFI: 3.0
EBAA,slongtrlig,LATIN SMALL LIGATURE LONG S TR,MUFI: 3.0
EBAB,slonguumllig,LATIN SMALL LIGATURE LONG S U WITH DIAERESIS,MUFI: 3.0
EBAC,slongvinslig,LATIN SMALL LIGATURE LONG S INSULAR V,MUFI: 3.0
EBAD,hslonglig,LATIN SMALL LIGATURE H AND LONG S,MUFI: 3.0
EBAE,kslonglig,LATIN SMALL LIGATURE K AND LONG S,MUFI: 3.0
EBAF,slongacute,LATIN SMALL LETTER LONG S WITH ACUTE,MUFI: 3.0
EBB0,AVligslashacute,LATIN CAPITAL LIGATURE AV WITH STROKE AND ACUTE,MUFI: 3.0
EBB1,avligslashacute,LATIN SMALL LIGATURE AV WITH STROKE AND ACUTE,MUFI: 3.0
EBB2,drotacute,LATIN SMALL LETTER D ROTUNDA WITH ACUTE,MUFI: 3.0
EBB3,Finsacute,LATIN CAPITAL LETTER INSULAR F WITH ACUTE,MUFI: 3.0
EBB4,finsacute,LATIN SMALL LETTER INSULAR F WITH ACUTE,MUFI: 3.0
EBB5,Muncacute,LATIN CAPITAL LETTER UNCIAL M WITH ACUTE,MUFI: 3.0
EBB6,muncacute,LATIN SMALL LETTER UNCIAL M WITH ACUTE,MUFI: 3.0
EBB7,Ocurlacute,LATIN CAPITAL LETTER O WITH CURL AND ACUTE,MUFI: 3.0
EBB8,ocurlacute,LATIN SMALL LETTER O WITH CURL AND ACUTE,MUFI: 3.0
EBB9,rrotacute,LATIN SMALL LETTER R ROTUNDA WITH ACUTE,MUFI: 3.0
EBBA,Vinsacute,LATIN CAPITAL LETTER INSULAR V (VEND) WITH ACUTE,MUFI: 3.0
EBBB,vinsacute,LATIN SMALL LETTER INSULAR V (VEND) WITH ACUTE,MUFI: 3.0
EBBD,eacombcirc,LATIN SMALL LETTER EA WITH CIRCUMFLEX,MUFI: 3.0
EBBE,eucombcirc,LATIN SMALL LETTER EU WITH CIRCUMFLEX,MUFI: 3.0
EBBF,ucurlbar,LATIN SMALL LETTER U WITH CURLY BAR ABOVE,MUFI: 3.0
EBC0,AOligdblac,LATIN CAPITAL LIGATURE AO WITH DOUBLE ACUTE,MUFI: 3.0
EBC1,aoligdblac,LATIN SMALL LIGATURE AO WITH DOUBLE ACUTE,MUFI: 3.0
EBC2,AVligdblac,LATIN CAPITAL LIGATURE AV WITH DOUBLE ACUTE,MUFI: 3.0
EBC3,avligdblac,LATIN SMALL LIGATURE AV WITH DOUBLE ACUTE,MUFI: 3.0
EBC4,Oogondblac,LATIN CAPITAL LETTER O WITH OGONEK AND DOUBLE ACUTE,MUFI: 3.0
EBC5,oogondblac,LATIN SMALL LETTER O WITH OGONEK AND DOUBLE ACUTE,MUFI: 3.0
EBC6,Oslashdblac,LATIN CAPITAL LETTER O WITH STROKE AND DOUBLE ACUTE,MUFI: 3.0
EBC7,oslashdblac,LATIN SMALL LETTER O WITH STROKE AND DOUBLE ACUTE,MUFI: 3.0
EBC8,OEligdblac,LATIN CAPITAL LIGATURE OE WITH DOUBLE ACUTE,MUFI: 3.0
EBC9,oeligdblac,LATIN SMALL LIGATURE OE WITH DOUBLE ACUTE,MUFI: 3.0
EBCA,YYligdblac,LATIN CAPITAL LIGATURE YY WITH DOUBLE ACUTE,MUFI: 3.0
EBCB,yyligdblac,LATIN SMALL LIGATURE YY WITH DOUBLE ACUTE,MUFI: 3.0
EBCD,Oslashdot,LATIN CAPITAL LETTER O WITH STROKE AND DOT ABOVE,MUFI: 3.0
EBCE,oslashdot,LATIN SMALL LETTER O WITH STROKE AND DOT ABOVE,MUFI: 3.0
EBCF,pscapdot,LATIN LETTER SMALL CAPITAL P WITH DOT ABOVE,MUFI: 3.0
EBD0,bscapdot,LATIN LETTER SMALL CAPITAL B WITH DOT ABOVE,MUFI: 3.0
EBD1,drotdot,LATIN SMALL LETTER D ROTUNDA WITH DOT ABOVE,MUFI: 3.0
EBD2,dscapdot,LATIN LETTER SMALL CAPITAL D WITH DOT ABOVE,MUFI: 3.0
EBD3,Finsdot,LATIN CAPITAL LETTER INSULAR F WITH DOT ABOVE,MUFI: 3.0
EBD4,finsdot,LATIN SMALL LETTER INSULAR F WITH DOT ABOVE,MUFI: 3.0
EBD5,finssemiclosedot,LATIN SMALL LETTER SEMI-CLOSED INSULAR F WITH DOT ABOVE,MUFI: 3.0
EBD6,finsclosedot,LATIN SMALL LETTER CLOSED INSULAR F WITH DOT ABOVE,MUFI: 3.0
EBD7,fscapdot,LATIN LETTER SMALL CAPITAL F WITH DOT ABOVE,MUFI: 3.0
EBDA,hscapdot,LATIN LETTER SMALL CAPITAL H WITH DOT ABOVE,MUFI: 3.0
EBDB,kscapdot,LATIN LETTER SMALL CAPITAL K WITH DOT ABOVE,MUFI: 3.0
EBDC,lscapdot,LATIN LETTER SMALL CAPITAL L WITH DOT ABOVE,MUFI: 3.0
EBDD,mscapdot,LATIN LETTER SMALL CAPITAL M WITH DOT ABOVE,MUFI: 3.0
EBDE,Oogondot,LATIN CAPITAL LETTER O WITH OGONEK AND DOT ABOVE,MUFI: 3.0
EBDF,oogondot,LATIN SMALL LETTER O WITH OGONEK AND DOT ABOVE,MUFI: 3.0
EBE0,Oslashdotbl,LATIN CAPITAL LETTER O WITH STROKE AND DOT BELOW,MUFI: 3.0
EBE1,oslashdotbl,LATIN SMALL LETTER O WITH STROKE AND DOT BELOW,MUFI: 3.0
EBE2,Juml,LATIN CAPITAL LETTER J WITH DIAERESIS,MUFI: 3.0
EBE3,juml,LATIN SMALL LETTER J WITH DIAERESIS,MUFI: 3.0
EBE4,OOliguml,LATIN CAPITAL LIGATURE OO WITH DIAERESIS,MUFI: 3.0
EBE5,ooliguml,LATIN SMALL LIGATURE OO WITH DIAERESIS,MUFI: 3.0
EBE6,PPliguml,LATIN CAPITAL LIGATURE PP WITH DIAERESIS,MUFI: 3.0
EBE7,ppliguml,LATIN SMALL LIGATURE PP WITH DIAERESIS,MUFI: 3.0
EBE8,YYliguml,LATIN CAPITAL LIGATURE YY WITH DIAERESIS,MUFI: 3.0
EBE9,yyliguml,LATIN SMALL LIGATURE YY WITH DIAERESIS,MUFI: 3.0
EBEA,AEligcurl,LATIN CAPITAL LETTER AE WITH CURL,MUFI: 3.0
EBEB,aeligcurl,LATIN SMALL LETTER AE WITH CURL,MUFI: 3.0
EBEC,Oslashmacracute,LATIN CAPITAL LETTER O WITH STROKE AND MACRON AND ACUTE,MUFI: 3.0
EBED,oslashmacracute,LATIN SMALL LETTER O WITH STROKE AND MACRON AND ACUTE,MUFI: 3.0
EBEE,Oslashbreve,LATIN CAPITAL LETTER O WITH STROKE AND BREVE,MUFI: 3.0
EBEF,oslashbreve,LATIN SMALL LETTER O WITH STROKE AND BREVE,MUFI: 3.0
EBF0,AVligogon,LATIN CAPITAL LIGATURE AV WITH OGONEK,MUFI: 3.0
EBF1,avligogon,LATIN SMALL LIGATURE AV WITH OGONEK,MUFI: 3.0
EBF2,Eogoncurl,LATIN CAPITAL LETTER E WITH OGONEK AND CURL,MUFI: 3.0
EBF3,eogoncurl,LATIN SMALL LETTER E WITH OGONEK AND CURL,MUFI: 3.0
EBF4,Adotacute,LATIN CAPITAL LETTER A WITH DOT ABOVE AND ACUTE,MUFI: 3.0
EBF5,adotacute,LATIN SMALL LETTER A WITH DOT ABOVE AND ACUTE,MUFI: 3.0
EBF6,Idotacute,LATIN CAPITAL LETTER I WITH DOT ABOVE AND ACUTE,MUFI: 3.0
EBF7,idotacute,LATIN SMALL LETTER I WITH DOT ABOVE AND ACUTE,MUFI: 3.0
EBF8,Odotacute,LATIN CAPITAL LETTER O WITH DOT ABOVE AND ACUTE,MUFI: 3.0
EBF9,odotacute,LATIN SMALL LETTER O WITH DOT ABOVE AND ACUTE,MUFI: 3.0
EBFA,Oogondotacute,LATIN CAPITAL LETTER O WITH OGONEK AND DOT ABOVE AND ACUTE,MUFI: 3.0
EBFB,oogondotacute,LATIN SMALL LETTER O WITH OGONEK AND DOT ABOVE AND ACUTE,MUFI: 3.0
EBFC,Oslashdotacute,LATIN CAPITAL LETTER O WITH STROKE AND DOT ABOVE AND ACUTE,MUFI: 3.0
EBFD,oslashdotacute,LATIN SMALL LETTER O WITH STROKE AND DOT ABOVE AND ACUTE,MUFI: 3.0
EBFE,Udotacute,LATIN CAPITAL LETTER U WITH DOT ABOVE AND ACUTE,MUFI: 3.0
EBFF,udotacute,LATIN SMALL LETTER U WITH DOT ABOVE AND ACUTE,MUFI: 3.0
EEC2,bblig,LATIN SMALL LIGATURE BB,MUFI: 3.0
EEC3,bglig,LATIN SMALL LIGATURE BG,MUFI: 3.0
EEC4,cklig,LATIN SMALL LIGATURE CK,MUFI: 3.0
EEC5,ctlig,LATIN SMALL LIGATURE CT,MUFI: 3.0
EEC6,drotdrotlig,LATIN SMALL LIGATURE DD ROTUNDA,MUFI: 3.0
EEC7,eylig,LATIN SMALL LIGATURE EY,MUFI: 3.0
EEC8,faumllig,LATIN SMALL LIGATURE F A WITH DIAERESIS,MUFI: 3.0
EEC9,fjlig,LATIN SMALL LIGATURE FJ,MUFI: 3.0
EECA,frlig,LATIN SMALL LIGATURE FR,MUFI: 3.0
EECB,ftlig,LATIN SMALL LIGATURE FT,MUFI: 3.0
EECC,fuumllig,LATIN SMALL LIGATURE F U WITH DIAERESIS,MUFI: 3.0
EECD,fylig,LATIN SMALL LIGATURE FY,MUFI: 3.0
EECE,fftlig,LATIN SMALL LIGATURE FFT,MUFI: 3.0
EECF,ffylig,LATIN SMALL LIGATURE FFY,MUFI: 3.0
EED0,ftylig,LATIN SMALL LIGATURE FTY,MUFI: 3.0
EED1,gglig,LATIN SMALL LIGATURE GG,MUFI: 3.0
EED2,gdlig,LATIN SMALL LIGATURE GD,MUFI: 3.0
EED3,gdrotlig,LATIN SMALL LIGATURE G D ROTUNDA,MUFI: 3.0
EED4,gethlig,LATIN SMALL LIGATURE G ETH,MUFI: 3.0
EED5,nscapslonglig,LATIN SMALL LIGATURE SMALL CAPITAL N LONG S,MUFI: 3.0
EED6,pplig,LATIN SMALL LIGATURE PP,MUFI: 3.0
EED7,ppflourlig,LATIN SMALL LIGATURE PP WITH FLOURISH,MUFI: 3.0
EED8,trlig,LATIN SMALL LIGATURE TR,MUFI: 3.0
EED9,ttlig,LATIN SMALL LIGATURE TT,MUFI: 3.0
EEDA,trottrotlig,LATIN SMALL LIGATURE T ROTUNDA T ROTUNDA,MUFI: 3.0
EEDB,tylig,LATIN SMALL LIGATURE TY,MUFI: 3.0
EEDC,tzlig,LATIN SMALL LIGATURE TZ,MUFI: 3.0
EEDD,PPlig,LATIN CAPITAL LIGATURE PP,MUFI: 3.0
EEDE,golig,LATIN SMALL LIGATURE GO,MUFI: 3.0
EEDF,slongenl,LATIN ENLARGED LETTER SMALL LONG S,MUFI: 3.0
EEE0,aenl,LATIN ENLARGED LETTER SMALL A,MUFI: 3.0
EEE1,benl,LATIN ENLARGED LETTER SMALL B,MUFI: 3.0
EEE2,cenl,LATIN ENLARGED LETTER SMALL C,MUFI: 3.0
EEE3,denl,LATIN ENLARGED LETTER SMALL D,MUFI: 3.0
EEE4,drotenl,LATIN ENLARGED LETTER D ROTUNDA,MUFI: 3.0
EEE5,ethenl,LATIN ENLARGED LETTER SMALL ETH,MUFI: 3.0
EEE6,eenl,LATIN ENLARGED LETTER SMALL E,MUFI: 3.0
EEE7,fenl,LATIN ENLARGED LETTER SMALL F,MUFI: 3.0
EEE8,genl,LATIN ENLARGED LETTER SMALL G,MUFI: 3.0
EEE9,henl,LATIN ENLARGED LETTER SMALL H,MUFI: 3.0
EEEA,ienl,LATIN ENLARGED LETTER SMALL I,MUFI: 3.0
EEEB,jenl,LATIN ENLARGED LETTER SMALL J,MUFI: 3.0
EEEC,kenl,LATIN ENLARGED LETTER SMALL K,MUFI: 3.0
EEED,lenl,LATIN ENLARGED LETTER SMALL L,MUFI: 3.0
EEEE,menl,LATIN ENLARGED LETTER SMALL M,MUFI: 3.0
EEEF,nenl,LATIN ENLARGED LETTER SMALL N,MUFI: 3.0
EEF0,oenl,LATIN ENLARGED LETTER SMALL O,MUFI: 3.0
EEF1,penl,LATIN ENLARGED LETTER SMALL P,MUFI: 3.0
EEF2,qenl,LATIN ENLARGED LETTER SMALL Q,MUFI: 3.0
EEF3,renl,LATIN ENLARGED LETTER SMALL R,MUFI: 3.0
EEF4,senl,LATIN ENLARGED LETTER SMALL S,MUFI: 3.0
EEF5,tenl,LATIN ENLARGED LETTER SMALL T,MUFI: 3.0
EEF6,thornenl,LATIN ENLARGED LETTER SMALL THORN,MUFI: 3.0
EEF7,uenl,LATIN ENLARGED LETTER SMALL U,MUFI: 3.0
EEF8,venl,LATIN ENLARGED LETTER SMALL V,MUFI: 3.0
EEF9,wenl,LATIN ENLARGED LETTER SMALL W,MUFI: 3.0
EEFA,xenl,LATIN ENLARGED LETTER SMALL X,MUFI: 3.0
EEFB,yenl,LATIN ENLARGED LETTER SMALL Y,MUFI: 3.0
EEFC,zenl,LATIN ENLARGED LETTER SMALL Z,MUFI: 3.0
EEFD,inodotenl,LATIN ENLARGED LETTER SMALL DOTLESS I,MUFI: 3.0
EEFE,jnodotenl,LATIN ENLARGED LETTER SMALL DOTLESS J,MUFI: 3.0
EEFF,finsenl,LATIN ENLARGED LETTER SMALL INSULAR F,MUFI: 3.0
EF0C,qscap,LATIN LETTER SMALL CAPITAL Q,MUFI: 3.0
EF11,xscap,LATIN LETTER SMALL CAPITAL X,MUFI: 3.0
EF15,thornscap,LATIN LETTER SMALL CAPITAL THORN,MUFI: 3.0
EF20,gscapdot,LATIN LETTER SMALL CAPITAL G WITH DOT ABOVE,MUFI: 3.0
EF21,nscapdot,LATIN LETTER SMALL CAPITAL N WITH DOT ABOVE,MUFI: 3.0
EF22,rscapdot,LATIN LETTER SMALL CAPITAL R WITH DOT ABOVE,MUFI: 3.0
EF23,sscapdot,LATIN LETTER SMALL CAPITAL S WITH DOT ABOVE,MUFI: 3.0
EF24,tscapdot,LATIN LETTER SMALL CAPITAL T WITH DOT ABOVE,MUFI: 3.0
EF25,bscapdotbl,LATIN LETTER SMALL CAPITAL B WITH DOT BELOW,MUFI: 3.0
EF26,dscapdotbl,LATIN LETTER SMALL CAPITAL D WITH DOT BELOW,MUFI: 3.0
EF27,gscapdotbl,LATIN LETTER SMALL CAPITAL G WITH DOT BELOW,MUFI: 3.0
EF28,lscapdotbl,LATIN LETTER SMALL CAPITAL L WITH DOT BELOW,MUFI: 3.0
EF29,mscapdotbl,LATIN LETTER SMALL CAPITAL M WITH DOT BELOW,MUFI: 3.0
EF2A,nscapdotbl,LATIN LETTER SMALL CAPITAL N WITH DOT BELOW,MUFI: 3.0
EF2B,rscapdotbl,LATIN LETTER SMALL CAPITAL R WITH DOT BELOW,MUFI: 3.0
EF2C,sscapdotbl,LATIN LETTER SMALL CAPITAL S WITH DOT BELOW,MUFI: 3.0
EF2D,tscapdotbl,LATIN LETTER SMALL CAPITAL T WITH DOT BELOW,MUFI: 3.0
EFA0,aacloselig,LATIN SMALL LIGATURE AA CLOSED FORM,MUFI: 3.0
EFA1,anecklesselig,LATIN SMALL LIGATURE NECKLESS A E,MUFI: 3.0
EFA2,anecklessvlig,LATIN SMALL LIGATURE NECKLESS A V,MUFI: 3.0
EFA3,aflig,LATIN SMALL LIGATURE AF,MUFI: 3.0
EFA4,afinslig,LATIN SMALL LIGATURE A INSULAR F,MUFI: 3.0
EFA5,aglig,LATIN SMALL LIGATURE AG,MUFI: 3.0
EFA6,allig,LATIN SMALL LIGATURE AL,MUFI: 3.0
EFA7,anlig,LATIN SMALL LIGATURE AN,MUFI: 3.0
EFA8,anscaplig,LATIN SMALL LIGATURE A SMALL CAPITAL N,MUFI: 3.0
EFA9,aplig,LATIN SMALL LIGATURE AP,MUFI: 3.0
EFAA,arlig,LATIN SMALL LIGATURE AR,MUFI: 3.0
EFAB,arscaplig,LATIN SMALL LIGATURE A SMALL CAPITAL R,MUFI: 3.0
EFAC,athornlig,LATIN SMALL LIGATURE A THORN,MUFI: 3.0
EFAD,oclig,LATIN SMALL LIGATURE OC,MUFI: 3.0
EFAE,AnecklessElig,LATIN CAPITAL LIGATURE NECKLESS A E,MUFI: 3.0
EFD8,uuligdblac,LATIN SMALL LIGATURE UU WITH DOUBLE ACUTE,MUFI: 4.0 auto
EFD9,UUligdblac,LATIN CAPITAL LIGATURE UU WITH DOUBLE ACUTE ,MUFI: 4.0 auto
EFDB,AEligdotacute,LATIN CAPITAL LETTER AE WITH DOT ABOVE AND ACUTE,MUFI: 4.0 auto
EFDC,aeligdotacute,LATIN SMALL LETTER AE WITH DOT ABOVE AND ACUTE,MUFI: 4.0 auto
EFDD,oeligenl,LATIN ENLARGED LETTER SMALL LIGATURE OE,MUFI: 3.0
EFDE,aoligenl,LATIN ENLARGED LETTER SMALL LIGATURE AO,MUFI: 3.0
EFDF,aaligenl,LATIN ENLARGED LETTER SMALL LIGATURE AA,MUFI: 3.0
EFE0,AAligacute,LATIN CAPITAL LIGATURE AA WITH ACUTE,MUFI: 3.0
EFE1,aaligacute,LATIN SMALL LIGATURE AA WITH ACUTE,MUFI: 3.0
EFE2,AOligacute,LATIN CAPITAL LIGATURE AO WITH ACUTE,MUFI: 3.0
EFE3,aoligacute,LATIN SMALL LIGATURE AO WITH ACUTE,MUFI: 3.0
EFE4,AUligacute,LATIN CAPITAL LIGATURE AU WITH ACUTE,MUFI: 3.0
EFE5,auligacute,LATIN SMALL LIGATURE AU WITH ACUTE,MUFI: 3.0
EFE6,AVligacute,LATIN CAPITAL LIGATURE AV WITH ACUTE,MUFI: 3.0
EFE7,avligacute,LATIN SMALL LIGATURE AV WITH ACUTE,MUFI: 3.0
EFE8,OOligacute,LATIN CAPITAL LIGATURE OO WITH ACUTE,MUFI: 3.0
EFE9,ooligacute,LATIN SMALL LIGATURE OO WITH ACUTE,MUFI: 3.0
EFEA,AAligdblac,LATIN CAPITAL LIGATURE AA WITH DOUBLE ACUTE,MUFI: 3.0
EFEB,aaligdblac,LATIN SMALL LIGATURE AA WITH DOUBLE ACUTE,MUFI: 3.0
EFEC,OOligdblac,LATIN CAPITAL LIGATURE OO WITH DOUBLE ACUTE,MUFI: 3.0
EFED,ooligdblac,LATIN SMALL LIGATURE OO WITH DOUBLE ACUTE,MUFI: 3.0
EFEE,AAligdot,LATIN CAPITAL LIGATURE AA WITH DOT ABOVE,MUFI: 3.0
EFEF,aaligdot,LATIN SMALL LIGATURE AA WITH DOT ABOVE,MUFI: 3.0
EFF0,AYligdot,LATIN CAPITAL LIGATURE AY WITH DOT ABOVE,MUFI: 3.0
EFF1,ayligdot,LATIN SMALL LIGATURE AY WITH DOT ABOVE,MUFI: 3.0
EFF2,AAligdotbl,LATIN CAPITAL LIGATURE AA WITH DOT BELOW,MUFI: 3.0
EFF3,aaligdotbl,LATIN SMALL LIGATURE AA WITH DOT BELOW,MUFI: 3.0
EFF4,AOligdotbl,LATIN CAPITAL LIGATURE AO WITH DOT BELOW,MUFI: 3.0
EFF5,aoligdotbl,LATIN SMALL LIGATURE AO WITH DOT BELOW,MUFI: 3.0
EFF6,AUligdotbl,LATIN CAPITAL LIGATURE AU WITH DOT BELOW,MUFI: 3.0
EFF7,auligdotbl,LATIN SMALL LIGATURE AU WITH DOT BELOW,MUFI: 3.0
EFF8,AVligdotbl,LATIN CAPITAL LIGATURE AV WITH DOT BELOW,MUFI: 3.0
EFF9,avligdotbl,LATIN SMALL LIGATURE AV WITH DOT BELOW,MUFI: 3.0
EFFA,AYligdotbl,LATIN CAPITAL LIGATURE AY WITH DOT BELOW,MUFI: 3.0
EFFB,ayligdotbl,LATIN SMALL LIGATURE AY WITH DOT BELOW,MUFI: 3.0
EFFC,OOligdotbl,LATIN CAPITAL LIGATURE OO WITH DOT BELOW,MUFI: 3.0
EFFD,ooligdotbl,LATIN SMALL LIGATURE OO WITH DOT BELOW,MUFI: 3.0
EFFE,AAliguml,LATIN CAPITAL LIGATURE AA WITH DIAERESIS,MUFI: 3.0
EFFF,aaliguml,LATIN SMALL LIGATURE AA WITH DIAERESIS,MUFI: 3.0
F00A,macrhigh,COMBINING HIGH MACRON WITH FIXED HEIGHT (PART-WIDTH),MUFI: 3.0
F00B,macrmed,COMBINING MEDIUM-HIGH MACRON WITH FIXED HEIGHT (PART-WIDTH),MUFI: 3.0
F00C,ovlhigh,COMBINING HIGH OVERLINE WITH FIXED HEIGHT (FULL-WIDTH),MUFI: 3.0
F00D,ovlmed,COMBINING MEDIUM-HIGH OVERLINE WITH FIXED HEIGHT (FULL-WIDTH),MUFI: 3.0
F012,bsup,COMBINING LATIN SMALL LETTER B,MUFI: 3.0
F013,bscapsup,COMBINING LATIN LETTER SMALL CAPITAL B,MUFI: 3.0
F016,dscapsup,COMBINING LATIN LETTER SMALL CAPITAL D,MUFI: 3.0
F017,fsup,COMBINING LATIN SMALL LETTER F,MUFI: 3.0
F01C,kscapsup,COMBINING LATIN LETTER SMALL CAPITAL K,MUFI: 3.0
F025,psup,COMBINING LATIN SMALL LETTER P,MUFI: 3.0
F02A,tscapsup,COMBINING LATIN LETTER SMALL CAPITAL T,MUFI: 3.0
F02B,ysup,COMBINING LATIN SMALL LETTER Y,MUFI: 3.0
F02F,inodotsup,COMBINING LATIN SMALL LETTER DOTLESS I,MUFI: 3.0
F030,jsup,COMBINING LATIN SMALL LETTER J,MUFI: 3.0
F031,jnodotsup,COMBINING LATIN SMALL LETTER DOTLESS J,MUFI: 3.0
F032,oslashsup,COMBINING LATIN LETTER SMALL O WITH STROKE,MUFI: 3.0
F033,qsup,COMBINING LATIN SMALL LETTER Q,MUFI: 3.0
F036,anligsup,COMBINING LATIN SMALL LIGATURE AN,MUFI: 3.0
F038,arligsup,COMBINING LATIN SMALL LIGATURE AR,MUFI: 3.0
F03A,anscapligsup,COMBINING LATIN SMALL LIGATURE A SMALL CAPITAL N,MUFI: 3.0
F03B,trotsup,COMBINING LATIN LETTER T ROTUNDA,MUFI: 3.0
F03C,wsup,COMBINING LATIN SMALL LETTER W,MUFI: 3.0
F03D,thornsup,COMBINING LATIN SMALL LETTER THORN,MUFI: 3.0
F03E,orrotsup,COMBINING LATIN SMALL LETTER O R ROTUNDA,MUFI: 3.0
F03F,orumsup,COMBINING LATIN SMALL LETTER O RUM,MUFI: 3.0
F040,rumsup,COMBINING LATIN SMALL LETTER RUM,MUFI: 3.0
F106,Csqu,LATIN CAPITAL LETTER C SQUARE FORM,MUFI: 3.0
F10A,Eunc,LATIN CAPITAL LETTER E UNCIAL FORM,MUFI: 3.0
F10E,Gsqu,LATIN CAPITAL LETTER G SQUARE FORM,MUFI: 3.0
F110,Hunc,LATIN CAPITAL LETTER UNCIAL H,MUFI: 3.0
F11A,Munc,LATIN CAPITAL LETTER UNCIAL M,MUFI: 3.0
F126,Sclose,LATIN CAPITAL LETTER S CLOSED FORM,MUFI: 3.0
F127,slongdes,LATIN SMALL LETTER LONG S DESCENDING,MUFI: 3.0
F128,sclose,LATIN SMALL LETTER S CLOSED FORM,MUFI: 3.0
F130,arscapligsup,COMBINING LATIN SMALL LIGATURE A SMALL CAPITAL R,MUFI: 3.0
F135,eogonsup,COMBINING LATIN SMALL LETTER E WITH OGONEK,MUFI: 3.0
F136,emacrsup,COMBINING LATIN SMALL LETTER E WITH MACRON,MUFI: 3.0
F13A,Asqu,LATIN CAPITAL LETTER A SQUARE FORM,MUFI: 3.0
F13E,oogonsup,COMBINING LATIN SMALL LETTER O WITH OGONEK,MUFI: 3.0
F13F,omacrsup,COMBINING LATIN SMALL LETTER O WITH MACRON,MUFI: 3.0
F142,ET,LATIN ABBREVIATION SIGN CAPITAL ET,MUFI: 3.0
F149,thornbarslash,LATIN SMALL LETTER THORN WITH DIAGONAL STROKE,MUFI: 3.0
F153,urrot,COMBINING ABBREVIATION MARK SUPERSCRIPT UR ROUND R FORM,MUFI: 3.0
F158,etslash,LATIN ABBREVIATION SIGN SMALL ET WITH STROKE,MUFI: 3.0
F159,de,LATIN ABBREVIATION SIGN SMALL DE,MUFI: 3.0
F160,punctinter,PUNCTUS INTERROGATIVUS,MUFI: 3.0
F161,punctelev,PUNCTUS ELEVATUS,MUFI: 3.0
F193,dcurl,LATIN SMALL LETTER D WITH CURL,MUFI: 3.0
F194,fcurl,LATIN SMALL LETTER F WITH CURL,MUFI: 3.0
F195,kcurl,LATIN SMALL LETTER K WITH CURL,MUFI: 3.0
F196,gcurl,LATIN SMALL LETTER G WITH CURL,MUFI: 3.0
F198,ccurl,LATIN SMALL LETTER C WITH CURL,MUFI: 3.0
F199,tcurl,LATIN SMALL LETTER T WITH CURL,MUFI: 3.0
F19A,nflour,LATIN SMALL LETTER N WITH FLOURISH,MUFI: 3.0
F19B,rflour,LATIN SMALL LETTER R WITH FLOURISH,MUFI: 3.0
F1A5,USbase,LATIN ABBREVIATION SIGN SPACING BASE-LINE CAPITAL US,MUFI: 3.0
F1A6,usbase,LATIN ABBREVIATION SIGN SPACING BASE-LINE US,MUFI: 3.0
F1A7,ETslash,LATIN ABBREVIATION SIGN CAPITAL ET WITH STROKE,MUFI: 3.0
F1AC,sem,LATIN ABBREVIATION SIGN SEMICOLON,MUFI: 3.0
F1BB,chlig,LATIN SMALL LIGATURE CH,MUFI: 4.0 auto
F1BC,foumllig,LATIN SMALL LIGATURE F O WITH DIAERESIS,MUFI: 3.0
F1BD,smallzero,SMALL BASE LINE ZERO SIGN,MUFI: 3.0
F1BE,Vmod,MODIFIER CAPITAL LETTER V,MUFI: 3.0
F1BF,Xmod,MODIFIER CAPITAL LETTER X,MUFI: 3.0
F1C0,arbar,COMBINING ABBREVIATION MARK BAR ABOVE WITH DOT,MUFI: 3.0
F1C1,rabar,COMBINING ABBREVIATION MARK SUPERSCRIPT RA OPEN A FORM WITH BAR ABOVE,MUFI: 3.0
F1C2,urlemn,COMBINING ABBREVIATION MARK SUPERSCRIPT UR LEMNISKATE FORM,MUFI: 3.0
F1C5,combcurlhigh,COMBINING CURL HIGH POSITION,MUFI: 3.0
F1C7,erang,COMBINING ABBREVIATION MARK ZIGZAG ABOVE ANGLE FORM,MUFI: 3.0
F1C8,ercurl,COMBINING ABBREVIATION MARK ZIGZAG ABOVE CURLY FORM,MUFI: 3.0
F1CA,combdothigh,COMBINING DOT ABOVE HIGH POSITION,MUFI: 3.0
F1CC,combcurlbar,COMBINING CURLY BAR ABOVE,MUFI: 3.0
F1D2,tridagger,TRIPLE DAGGER,MUFI: 4.0 auto
F1DA,midring,MIDDLE RING,MUFI: 3.0
F1DB,ramus,PALM BRANCH,MUFI: 3.0
F1E0,medcom,MEDIEVAL COMMA,MUFI: 3.0
F1E1,parag,PARAGRAPHUS,MUFI: 3.0
F1E2,posit,COMMA POSITURA,MUFI: 3.0
F1E3,ductsimpl,HIGH COMMA POSITURA (SIMPLEX DUCTUS),MUFI: 3.0
F1E4,punctposit,PUNCTUS WITH COMMA POSITURA,MUFI: 3.0
F1E5,colmidcomposit,COLON WITH MIDDLE COMMA POSITURA,MUFI: 3.0
F1E6,tridotscomposit,THREE DOTS WITH COMMA POSITURA,MUFI: 3.0
F1E7,punctexclam,PUNCTUS EXCLAMATIVUS,MUFI: 3.0
F1E8,punctintertilde,PUNCTUS INTERROGATIVUS HORIZONTAL TILDE,MUFI: 3.0
F1EA,punctvers,PUNCTUS VERSUS,MUFI: 3.0
F1EC,renvoi,SIGNE DE RENVOI,MUFI: 3.0
F1F0,punctelevdiag,PUNCTUS ELEVATUS DIAGONAL STROKE,MUFI: 3.0
F1F1,punctinterlemn,PUNCTUS INTERROGATIVUS LEMNISKATE FORM,MUFI: 3.0
F1F2,bidotscomposit,TWO DOTS OVER COMMA POSITURA,MUFI: 3.0
F1F4,virgsusp,VIRGULA SUSPENSIVA,MUFI: 3.0
F1F5,punctflex,PUNCTUS FLEXUS,MUFI: 3.0
F1F7,virgmin,SHORT VIRGULA,MUFI: 3.0
F1F8,hidot,DISTINCTIO,MUFI: 3.0
F1F9,wavylin,WAVY LINE,MUFI: 3.0
F1FA,punctelevhiback,PUNCTUS ELEVATUS WITH HIGH BACK,MUFI: 3.0
F1FB,punctelevhack,PUNCTUS ELEVATUS WITH ONSET,MUFI: 3.0
F1FC,combtripbrevebl,COMBINING TRIPLE BREVE BELOW,MUFI: 3.0
F200,ains,LATIN SMALL LETTER A INSULAR FORM,MUFI: 3.0
F201,Ains,LATIN CAPITAL LETTER A INSULAR FORM,MUFI: 3.0
F202,aopen,LATIN SMALL LETTER OPEN A CAROLINGIAN FORM,MUFI: 3.0
F203,aclose,LATIN SMALL LETTER CLOSED A GOTHIC FORM,MUFI: 3.0
F204,aeligred,LATIN SMALL LETTER AE WITH RIGHT UPPER LOOP,MUFI: 3.0
F205,AOligred,LATIN CAPITAL LIGATURE AO NECKLESS,MUFI: 3.0
F206,aoligred,LATIN SMALL LIGATURE AO NECKLESS,MUFI: 3.0
F207,finsclose,LATIN SMALL LETTER CLOSED INSULAR F,MUFI: 3.0
F208,kunc,LATIN LETTER UNCIAL K,MUFI: 3.0
F209,kclose,LATIN SMALL LETTER K CLOSED FORM,MUFI: 3.0
F214,aunc,LATIN SMALL LETTER A UNCIAL FORM,MUFI: 3.0
F215,aneckless,LATIN SMALL LETTER NECKLESS A,MUFI: 3.0
F217,Euncclose,LATIN CAPITAL LETTER CLOSED E UNCIAL FORM,MUFI: 3.0
F218,eunc,LATIN SMALL LETTER E UNCIAL FORM,MUFI: 3.0
F219,eext,LATIN SMALL LETTER E EXTENDED BAR FORM,MUFI: 3.0
F21A,etall,LATIN SMALL LETTER E TALL FORM,MUFI: 3.0
F21B,finssemiclose,LATIN SMALL LETTER SEMI-CLOSED INSULAR F,MUFI: 3.0
F21C,finsdothook,LATIN SMALL LETTER INSULAR F WITH DOTTED HOOKS,MUFI: 3.0
F21D,gdivloop,LATIN SMALL LETTER G WITH SEPARATE LOOPS,MUFI: 3.0
F21E,glglowloop,LATIN SMALL LETTER CLOSED G WITH LARGE LOWER LOOP,MUFI: 3.0
F21F,gsmlowloop,LATIN SMALL LETTER CLOSED G WITH SMALL LOWER LOOP,MUFI: 3.0
F220,ilong,LATIN SMALL LETTER LONG I,MUFI: 3.0
F221,ksemiclose,LATIN SMALL LETTER K SEMI-CLOSED FORM,MUFI: 3.0
F222,ldes,LATIN SMALL LETTER L DESCENDING,MUFI: 3.0
F223,mrdes,LATIN SMALL LETTER M WITH RIGHT DESCENDER,MUFI: 3.0
F224,Muncdes,LATIN CAPITAL LETTER UNCIAL M WITH RIGHT DESCENDER,MUFI: 3.0
F225,munc,LATIN MEDIUSCULE LETTER M UNCIAL FORM,MUFI: 3.0
F226,muncdes,LATIN SMALL LETTER UNCIAL M WITH RIGH DESCENDER,MUFI: 3.0
F228,nrdes,LATIN SMALL LETTER N WITH RIGHT DESCENDER,MUFI: 3.0
F229,Nrdes,LATIN CAPITAL LETTER N WITH RIGHT DESCENDER,MUFI: 3.0
F22A,nscaprdes,LATIN LETTER SMALL CAPITAL N WITH RIGHT DESCENDER,MUFI: 3.0
F22B,nscapldes,LATIN LETTER SMALL CAPITAL N WITH LEFT DESCENDER,MUFI: 3.0
F22C,Qstem,LATIN CAPITAL LETTER Q WITH STEM,MUFI: 3.0
F232,xldes,LATIN SMALL LETTER X WITH LEFT DESCENDER,MUFI: 3.0
F233,yrgmainstrok,LATIN SMALL LETTER Y WITH RIGHT MAIN STROKE,MUFI: 3.0
F23A,hrdes,LATIN SMALL LETTER H WITH RIGHT DESCENDER,MUFI: 3.0
F23C,munc,LATIN SMALL LETTER M UNCIAL FORM,MUFI: 4.0 auto
F23D,muncrdes,LATIN SMALL LETTER M UNCIAL FORM WITH RIGHT DESCENDER,MUFI: 4.0 auto
F23E,muncacute,LATIN SMALL LETTER M UNCIAL FORM WITH ACUTE ACCENT,MUFI: 4.0 auto
F23F,romnumCrevovl,ROMAN NUMERAL REVERSED ONE HUNDRED WITH OVERLINE,MUFI: 3.0
F2E0,romaslibr,LATIN AS LIBRALIS SIGN,MUFI: 3.0
F2E2,romscapxbar,LATIN SMALL CAPITAL LETTER X WITH BAR,MUFI: 3.0
F2E3,romscapybar,LATIN SMALL CAPITAL LETTER Y WITH BAR,MUFI: 3.0
F2E4,romscapdslash,LATIN SMALL CAPITAL LETTER D WITH SLASH,MUFI: 3.0
F2E6,dram,PHARMACEUTICAL DRAM SIGN,MUFI: 3.0
F2E7,ecu,ECU SIGN,MUFI: 3.0
F2E8,florloop,FLOREN SIGN WITH LOOP,MUFI: 3.0
F2E9,grosch,GROSCHEN SIGN,MUFI: 3.0
F2EA,libradut,DUTCH LIBRA SIGN,MUFI: 3.0
F2EB,librafren,FRENCH LIBRA SIGN,MUFI: 3.0
F2EC,libraital,ITALIAN LIBRA SIGN,MUFI: 3.0
F2ED,libraflem,FLEMISH LIBRA SIGN,MUFI: 3.0
F2EE,liranuov,LIRA NUOVA SIGN,MUFI: 3.0
F2EF,lirasterl,LIRA STERLINA SIGN,MUFI: 3.0
F2F0,markold,OLD MARK SIGN,MUFI: 3.0
F2F1,markflour,OLD FLOURISH MARK SIGN,MUFI: 3.0
F2F2,msign,MARKED SMALL LETTER M SIGN,MUFI: 3.0
F2F3,msignflour,FLOURISHED SMALL LETTER M SIGN,MUFI: 3.0
F2F4,obol,PHARMACEUTICAL OBOLUS SIGN,MUFI: 3.0
F2F5,penningar,PENNING SIGN,MUFI: 3.0
F2F6,reichtalold,OLD REICHSTALER SIGN,MUFI: 3.0
F2F7,schillgerm,GERMAN SCHILLING SIGN,MUFI: 3.0
F2F8,schillgermscript,GERMAN SCRIPT SCHILLING SIGN,MUFI: 3.0
F2F9,scudi,SCUDI SIGN,MUFI: 3.0
F2FA,krone,KRONE SIGN,MUFI: 4.0 auto
F2FB,helbing,HELBING SIGN,MUFI: 4.0 auto
F2FD,ouncescript,SCRIPT OUNCE SIGN,MUFI: 3.0
F2FE,Cnumbar,ROMAN NUMERAL CAPITAL C WITH TWO BARS,MUFI: 4.0 auto
F2FF,cnumbar,ROMAN NUMERAL SMALL C WITH TWO BARS,MUFI: 4.0 auto
F4F9,lllig,LATIN SMALL LIGATURE LL,MUFI: 3.0
F4FA,slongchlig,LATIN SMALL LIGATURE LONG S CH,MUFI: 3.0
F4FB,slongjlig,LATIN SMALL LIGATURE LONG S J,MUFI: 3.0
F4FC,slongklig,LATIN SMALL LIGATURE LONG S K,MUFI: 3.0
F4FD,slongslig,LATIN SMALL LIGATURE LONG S S,MUFI: 3.0
F4FE,slongslongklig,LATIN SMALL LIGATURE LONG S LONG S K,MUFI: 3.0
F4FF,slongslongtlig,LATIN SMALL LIGATURE LONG S LONG S T,MUFI: 3.0
F700,metrmacr,METRICAL SYMBOL LONGUM,MUFI: 3.0
F701,metrbreve,METRICAL SYMBOL BREVE,MUFI: 3.0
F702,metrmacrbreve,METRICAL SYMBOL BREVE ABOVE LONGUM (SHORT OR LONG SYLLABLE),MUFI: 3.0
F703,metrbrevemacr,METRICAL SYMBOL LONGUM ABOVE BREVE (SHORT OR LONG SYLLABLE),MUFI: 3.0
F704,metrmacracute,METRICAL SYMBOL LONGUM WITH ACUTE (PRIMARY STRESS),MUFI: 3.0
F705,metrmacrgrave,METRICAL SYMBOL LONGUM WITH GRAVE (SECONDARY STRESS),MUFI: 3.0
F706,metrbreveacute,METRICAL SYMBOL BREVE WITH ACUTE (PRIMARY STRESS),MUFI: 3.0
F707,metrbrevegrave,METRICAL SYMBOL BREVE WITH GRAVE (SECONDARY STRESS),MUFI: 3.0
F708,metrmacrbreveacute,METRICAL SYMBOL BREVE ABOVE LONGUM WITH ACUTE (SHORT OR LONG SYLLABLE WITH PRIMARY STRESS),MUFI: 3.0
F709,metrmacrbrevegrave,METRICAL SYMBOL BREVE ABOVE LONGUM WITH GRAVE (SHORT OR LONG SYLLABLE WITH SECONDARY STRESS),MUFI: 3.0
F70A,metranc,METRICAL SYMBOL ANCEPS,MUFI: 3.0
F70B,metrancacute,METRICAL SYMBOL ANCEPS WITH ACUTE (PRIMARY STRESS),MUFI: 3.0
F70C,metrancgrave,METRICAL SYMBOL ANCEPS WITH GRAVE (SECONDARY STRESS),MUFI: 3.0
F714,metrpause,METRICAL SYMBOL PAUSE,MUFI: 3.0
F715,metrmacrdblac,METRICAL SYMBOL LONGUM WITH DOUBLE ACUTE (SECONDARY STRESS),MUFI: 3.0
F716,metrmacrdblgrave,METRICAL SYMBOL LONGUM WITH DOUBLE GRAVE (SECONDARY STRESS AND ALLITERATION),MUFI: 3.0
F717,metrbrevedblac,METRICAL SYMBOL BREVE WITH DOUBLE ACUTE (PRIMARY STRESS AND ALLITERATION),MUFI: 3.0
F718,metrbrevedblgrave,METRICAL SYMBOL BREVE WITH DOUBLE GRAVE (SECONDARY STRESS AND ALLITERATION),MUFI: 3.0
F719,metrancdblac,METRICAL SYMBOL ANCEPS WITH DOUBLE ACUTE (PRIMARY STRESS AND ALLITERATION),MUFI: 3.0
F71A,metrancdblgrave,METRICAL SYMBOL ANCEPS WITH DOUBLE GRAVE (SECONDARY STRESS AND ALLITERATION),MUFI: 3.0
F71B,metrdblbrevemacracute,METRICAL SYMBOL RESOLVED LIFT WITH ACUTE (PRIMARY STRESS),MUFI: 3.0
F71C,metrdblbrevemacrdblac,METRICAL SYMBOL RESOLVED LIFT WITH DOUBLE ACUTE (PRIMARY STRESS AND ALLITERATION),MUFI: 3.0
F72E,metrdblbrevemacr,METRICAL SYMBOL RESOLVED LIFT,MUFI: 3.0
F7B2,Vovlhigh,LATIN CAPITAL LETTER V WITH HIGH OVERLINE (ABOVE CHARACTER),MUFI: 3.0
F7B3,Xovlhigh,LATIN CAPITAL LETTER X WITH HIGH OVERLINE (ABOVE CHARACTER),MUFI: 3.0
F7B4,Lovlhigh,LATIN CAPITAL LETTER L WITH HIGH OVERLINE (ABOVE CHARACTER),MUFI: 3.0
F7B5,Covlhigh,LATIN CAPITAL LETTER C WITH HIGH OVERLINE (ABOVE CHARACTER),MUFI: 3.0
F7B6,Dovlhigh,LATIN CAPITAL LETTER D WITH HIGH OVERLINE (ABOVE CHARACTER),MUFI: 3.0